Title,Author,Date,Description,Link,Tags
Website Developer,Carlos Garza,"Dec 10, 2024","We are seeking a creative and skilled Website Developer to design and build a sleek, modern, and responsive one-page website similar to https://www.chillguy.io/",/jobseekers/job/Website-Developer-1277963,"Wordpress,Website Builder"
Developer Needed for AI-Powered Educational App Prototype (Claude API Integration),John-Michael Kuczynski,"Dec 10, 2024","We're seeking a developer to create a prototype ""Smart Book"" - an educational application that interfaces with Anthropic's Claude AI via their API. This initial project serves as both a technical proof-of-concept and an evaluation of our working relationship.",/jobseekers/job/Developer-Needed-for-AI-Powered-Educational-App-Prototype-Claude-API-Integration-1277907,"Fullstack,Mobile Development,API Development"
Full Stack Developer,denis estimon,"Dec 10, 2024","a talented Full Stack Developer proficient in React, Next.js, and either Supabase or Firebase to join our dynamic team this week. The ideal candidate will have proven experience in building and deploying full stack applications. To apply, please submit your…",/jobseekers/job/Full-Stack-Developer-1277870,"React JS,Next JS,PostgreSQL"
Web Developer,Arash Law - PH,"Dec 10, 2024",Job Overview:,/jobseekers/job/Web-Developer-1259554,"Web Programming,Javascript,Fullstack"
SENIOR AUTOMATION DEVELOPER,Nick Cornelius,"Dec 10, 2024","We're looking for an exceptional Senior Developer to join Simpliscale in transforming how businesses operate through intelligent automation. If you're passionate about building systems that create freedom, let's talk.",/jobseekers/job/SENIOR-AUTOMATION-DEVELOPER-1277800,"Marketing Automation,API Development,Team Leadership"
Full Stack Python Developer,Metro Mahout,"Dec 10, 2024",Full Stack Python Developer (React/TypeScript + Python),/jobseekers/job/Full-Stack-Python-Developer-1211645,"Typescript,Python,Django"
Scala/Spark Developer,Jessica Dassala,"Dec 10, 2024","We are seeking a skilled Scala/Spark Developer to join our dynamic team. This position is ideal for someone with a strong background in developing scalable, high-performance applications and a deep understanding of AGILE methodologies. The successful candidate will collaborate with…",/jobseekers/job/ScalaSpark-Developer-1245609,"API Development,Developer tools,Software Development Project Manager"
Java_AWS Developer,Cherrielyn Silao,"Dec 09, 2024",Job Title: Java_AWS Developer,/jobseekers/job/Java_AWS-Developer-1277118,"Java,AWS,Developer tools"
Python Developer for Web Crawling and Data Insertion,Jake O'Toole,"Dec 07, 2024","We are seeking a skilled Python developer to join our team, due to the nature of this project we expect the role to last one to two months. The responsibility of this role is to develop software that crawls various…",/jobseekers/job/Python-Developer-for-Web-Crawling-and-Data-Insertion-1276328,"Python,Python,MySQL"
Python Full Stack developer,denis estimon,"Dec 10, 2024",Job Description:,/jobseekers/job/Python-Full-Stack-developer-1163408,"CSS,Python,Javascript"
Word press developer cum designer,Sheila,"Dec 10, 2024","Looking for an experienced wordpress developer cum designer. We are an agency so will need to multitask and handle multiple projects at a time. Able to takeover previous projects seamlessly, do maintanance and remove malware. Able to design using figma.…",/jobseekers/job/Word-press-developer-cum-designer-1264232,"Wordpress,Woocommerce,Elementor"
Full Stack Developer,Jonathan Munyakazi,"Dec 10, 2024",Full Stack Developer at FirmOS,/jobseekers/job/Full-Stack-Developer-1226483,"Javascript,Python,REST API"
Frontend or Full Stack Developer Needed,Yuichi Murakami,"Dec 10, 2024",We are seeking a highly motivated Frontend or Full Stack Developer to join our dynamic and growing team. This is an exciting opportunity to work on cutting-edge projects that make a real impact to many businesses. If you’re passionate about…,/jobseekers/job/Frontend-or-Full-Stack-Developer-Needed-1277704,"Javascript,Node JS,React JS"
Full Stack Developer + UX/UI Designer,Itay Lev Ari,"Dec 10, 2024","Hiring a **Full Stack Developer + UX/UI Designer** to develop your **Progress and Measure Platform** requires finding a well-rounded candidate with a blend of technical, design, and problem-solving skills. Here's a guide to what you should look for and how…",/jobseekers/job/Full-Stack-Developer-UXUI-Designer-1277671,
E-Learning Platform Developer for Driving School Training Program,Benny,"Dec 10, 2024",Project Description:,/jobseekers/job/E-Learning-Platform-Developer-for-Driving-School-Training-Program-1276202,
Full time PHP developer,benjamin,"Dec 10, 2024","We are Debugged Solutions based in Kuala Lumpur, Malaysia and we are looking to expand our team of developers.",/jobseekers/job/Full-time-PHP-developer-1123410,"Laravel,Vue JS,MySQL"
Web Developer with Wix Studio Experience,Maan Calizar,"Dec 10, 2024","We are seeking a talented Web Developer with proven expertise in Wix Studio to join our team. The ideal candidate has a strong portfolio, attention to detail, and the ability to create visually stunning and highly functional websites.",/jobseekers/job/Web-Developer-with-Wix-Studio-Experience-1248936,"Wix,Wix,Web Development"
Web Developer,CO,"Dec 10, 2024",I am in need of an expert Web Developer,/jobseekers/job/Web-Developer-1277430,
Urgent | Website Developer,Anisha Chawla,"Dec 10, 2024",Beyond Tech Media (beyondtechmedia.com) is a global digital marketing agency. We're seeking a skilled WordPress developer to help us refine and maintain our website.,/jobseekers/job/Urgent-Website-Developer-1277405,Wordpress
Full Stack WordPress Developer - AI Integration Specialist,Alden,"Dec 09, 2024",PLEASE READ THE WHOLE JOB APPLICATION BEFORE APPLYING! Only apply through the link at the bottom. Submissions through the OLJ platform will not be read.,/jobseekers/job/Full-Stack-WordPress-Developer-AI-Integration-Specialist-1260794,"PHP,Wordpress, Database Management"
Bubble Developer for Sales Funnel Customization,Roy Alessi,"Dec 09, 2024","I am hiring a Bubble developer to help customize sales funnels for multiple brands based on an existing design and app. You'll be working in parallel with my existing developer, but also supporting them by updating and replicating pages for…",/jobseekers/job/Bubble-Developer-for-Sales-Funnel-Customization-1277333,Bubble.io
Python Developer – Mage.ai Integration Specialist,Jeff Abrams,"Dec 09, 2024",About Us,/jobseekers/job/Python-Developer-Mageai-Integration-Specialist-1277287,
"Web Developer (node.js, react.js)",Nadine,"Dec 09, 2024",We are looking for a skilled Web Developer with experience in modern JavaScript technologies (such as Node.js and React.js) to join our growing development team. This role will involve building high-performance web applications from the back end (server-side logic) to…,/jobseekers/job/Web-Developer-nodejs-reactjs-1259117,
Full Stack Developer,William Tickle,"Dec 09, 2024",Job Description:,/jobseekers/job/Full-Stack-Developer-1275105,
Full Stack Developer,William Tickle,"Dec 09, 2024",Job Description:,/jobseekers/job/Full-Stack-Developer-1275105,
Website developer,Damien Knapp,"Dec 09, 2024",Need a highly SEO optimized website to be built for a construction company in Australia,/jobseekers/job/Website-developer-1276919,"SEO,Website Builder"
Frontend Developer (Luzon-based only),Kazzelyn Donaire,"Dec 09, 2024","Job Summary: The Front-End Web Developer is responsible for merging design and programming to enhance user experiences. This role involves translating UI/UX wireframes into functional code, and collaborating with the UI/UX designer to bridge the gap between design and implementation.…",/jobseekers/job/Frontend-Developer-Luzon-based-only-1247319,"Email Marketing,Vue JS,Version Control"
Senior Full Stack Developer,Kazzelyn Donaire,"Dec 09, 2024",Job Title: Senior Full Stack Developer,/jobseekers/job/Senior-Full-Stack-Developer-1222767,"PHP,Wordpress,AWS"
"Full Stack Web Developer (Next.JS, Java)",Roel,"Dec 09, 2024","""Shape Your Future: Join DG Ventures Limited as a Web Developer and Thrive!""",/jobseekers/job/Full-Stack-Web-Developer-NextJS-Java-1257248,
Website Developer/designer,Adnan Dahhan,"Dec 09, 2024",Please read carefully and apply if you are capable of doing the following and you think you are a perfect fit:,/jobseekers/job/Website-Developerdesigner-1276881,"Graphic Design,Web Design & Page Layout,Web Development"
"Shopify API, Laravel, AWS developer",Mike,"Dec 09, 2024",,/jobseekers/job/Shopify-API-Laravel-AWS-developer-1271268,"Shopify,Laravel"
WooCommerce Product Importer / Website Developer,Tim,"Dec 09, 2024","We are seeking a skilled WooCommerce Product Importer and Website Developer to help us with importing product data, ensuring proper categorization, and enhancing our website's functionality and aesthetics.",/jobseekers/job/WooCommerce-Product-Importer-Website-Developer-1276815,"Wordpress,Woocommerce,Web Development"
"Retool Developer | Javascript Developer | Develop Internal Tools (JS,SQL)",Ronak,"Dec 09, 2024","Job Description: Full-time Retool/Low-Code Developer to work on low code platforms like retool.com (On-site, Range $800 – $1,300 per month)",/jobseekers/job/Retool-Developer-Javascript-Developer-Develop-Internal-Tools-JSSQL-1276799,"Javascript,PostgreSQL,Data analysis"
"Php 80,000 Permanent Work from Home - Senior Full-Stack Developer & Offshore Team Manager",Shielalyn Johnson,"Dec 09, 2024","We are seeking a highly skilled, jack-of-all trades Developer to join our amazing fast growing team; an experienced Senior Full-Stack Developer who excels in managing offshore development teams and driving complex projects to successful completion. The ideal candidate will have…",/jobseekers/job/Php-80000-Permanent-Work-from-Home-Senior-Full-Stack-Developer-Offshore-Team-Manager-1246673,"Fullstack,English Proficiency"
Wed and App Developer,Bree,"Dec 09, 2024","We are seeking a dynamic and ambitious Web and Mobile App Developer to join our team. In this role, you will be responsible for designing, developing, and maintaining web and mobile applications that meet the needs of our clients and…",/jobseekers/job/Wed-and-App-Developer-1157156,"Technical Support,Mobile Development,English Speaking"
Backend Developer (AI API Integration),Sean Rutledge,"Dec 09, 2024","Job Title: Backend Developer (API & Automation Integrations - ""Tie it Together"" Role)",/jobseekers/job/Backend-Developer-AI-API-Integration-1276772,"React JS,Software,API Development"
"NextJs, React and React Native Developer",Ronald Mears,"Dec 09, 2024","We are seeking a proficient NextJs, React and React Native developer to join our dynamic team. The ideal candidate will have demonstrable experience in frontend and backend development using NextJS, React, and React Native.",/jobseekers/job/NextJs-React-and-React-Native-Developer-1276733,"React JS,Next JS,React Native"
Passionate Mid/Senior Python Developer,Matthew G,"Dec 09, 2024",Are you passionate about Python and becoming the best developer you can become? Let’s team up.,/jobseekers/job/Passionate-MidSenior-Python-Developer-1264752,"Python,Flask,REST API"
Front End Developer - WordPress Specialist,David Neil,"Dec 09, 2024","As a Front End Developer specialising in WordPress, SEO, optimization, and UI, you will play a crucial role in creating and maintaining websites that look fantastic and perform exceptionally well in search engines.",/jobseekers/job/Front-End-Developer-WordPress-Specialist-857243,"Keyword Research,Wordpress,CSS"
Shopify Developer,Marvin Jay Mondilla,"Dec 09, 2024","We are seeking an experienced Shopify Developer to join our team. The ideal candidate will have a minimum of 5 years of hands-on experience in developing and customizing Shopify storefronts. You will be responsible for creating high-functioning, fully custom themes…",/jobseekers/job/Shopify-Developer-1265516,"Shopify,Liquid,HTML"
Developer or Data Analyst,Francisco Castro,"Dec 08, 2024","We are looking for a developer or Data Analyst  who has experience working with mysql and other databases but also developing scripts for automation. Experience using Google Console, mysql, python and other data analysis tools. We focus on providing analytics…",/jobseekers/job/Developer-or-Data-Analyst-1276646,"Python,MySQL,Google Cloud"
Full stack website developer,Brad Thompson,"Dec 08, 2024","Job Opportunity: Full-Stack Developer with Blockchain, NFT, and Video Editing Skills for Alliance Forge",/jobseekers/job/Full-stack-website-developer-1276488,"Web3.js,HTML,Fullstack"
Full Stack Python Developer,Metro Mahout,"Dec 08, 2024",Full Stack Python Developer (React/TypeScript + Python),/jobseekers/job/Full-Stack-Python-Developer-1211642,"SQL,MongoDB,NoSQL"
Full Stack Python Developer,John G.,"Dec 08, 2024",Full Stack Python Developer (React/TypeScript + Python),/jobseekers/job/Full-Stack-Python-Developer-1200945,"React JS,Typescript,Python"
Python/Django Developer,Clancy McLeod,"Dec 08, 2024",*Seeking Django Developer to join Australian Tech Company*,/jobseekers/job/PythonDjango-Developer-1276456,"Python,Django,PostgreSQL"
Junior Developer,Ryan Moriarty,"Dec 08, 2024","We are looking for a Junior Developer (or Lead Developer) who can work during EASTERN Time Zone (9pm - 6am Philippine time) and does not mind working overtime and on the weekends, when necessary.",/jobseekers/job/Junior-Developer-1276438,"Web Programming,Website Builder,Software Development Project Manager"
Shopify Developer,Jim Ayyad,"Dec 08, 2024","We are a company dedicated to providing prepaid wireless services, with our initial activation process taking place on our website. Currently, we face the challenge of converting the traffic already directed to our stores into ongoing renewal sales. To address…",/jobseekers/job/Shopify-Developer-1276433,"Shopify,API Development"
Assistant Property Model Algo Developer,HR,"Dec 08, 2024",Job Summary:,/jobseekers/job/Assistant-Property-Model-Algo-Developer-1275334,"Construction Project Manager,Communication,Team Collaboration"
"Web Developer for E-Comm Brand and Marketing Agency (flexible schedule, full-time, high-paying)",Marco,"Dec 07, 2024",Please Read Carefully Before Applying,/jobseekers/job/Web-Developer-for-E-Comm-Brand-and-Marketing-Agency-flexible-schedule-full-time-high-paying-1276204,"Web Design & Page Layout,Web Programming,CSS"
Technical SEO expert and Shopify custom code developer,Dihu,"Dec 07, 2024","For several Shopify stores for my own company, but also for companies of friends, I am searching for a well experienced Shopify developer. I am not searching for an average designer who is only making Shopify stores according to themes,…",/jobseekers/job/Technical-SEO-expert-and-Shopify-custom-code-developer-1276196,"SEO,Shopify,API Development"
Mathematics Question Developer,Tristan Geiles,"Dec 07, 2024",Job Title: High School Mathematics Questions Developer & Instructional Designer,/jobseekers/job/Mathematics-Question-Developer-1252521,"Tutorial Teaching,Teaching,Instructional Design"
AI Developer (Healthcare and Business Applications),Moe,"Dec 07, 2024",Job Description:,/jobseekers/job/AI-Developer-Healthcare-and-Business-Applications-1276129,"API Development,Robotic Process Automation,AI Tools"
Shopify Developer,Grace,"Dec 06, 2024",Join our team as a Shopify Developer and help us build and optimize cutting-edge e-commerce solutions!,/jobseekers/job/Shopify-Developer-1272084,
Senior Laravel/Vue Developer Position,Very Good Partners,"Dec 06, 2024",# Senior Laravel/Vue Developer Position,/jobseekers/job/Senior-LaravelVue-Developer-Position-1276014,"Laravel,Vue JS"
Full Stack Developer,Johnathan Spedoske,"Dec 06, 2024",Role Overview,/jobseekers/job/Full-Stack-Developer-1275984,"React JS,Python,Fullstack"
WordPress Developer (Elementor Pro),Will Lockard,"Dec 06, 2024",WordPress Developer (Elementor Pro),/jobseekers/job/WordPress-Developer-Elementor-Pro-1275972,"Wordpress,Wordpress,Elementor"
Website Developer and designer,melissa Kunde,"Dec 06, 2024",Part-time WordPress Developer.,/jobseekers/job/Website-Developer-and-designer-1207655,"On-Page,Elementor,Zapier"
Project Lead Developer,Jc,"Dec 06, 2024",About the Role:,/jobseekers/job/Project-Lead-Developer-1275924,"Project Management,Leadership,Onboarding"
Full Stack Software Developer,Stephen Donaghey,"Dec 06, 2024","We are seeking a skilled developer to create a B2B lead generation software utilizing RapidAPI and other data sources. The software will extract business details such as names, addresses, phone numbers, emails, websites, and social media accounts from Google and…",/jobseekers/job/Full-Stack-Software-Developer-1275827,"Python,Fullstack,API Development"
Full Stack Web Developer,RivetStays Team,"Dec 06, 2024",**About Us:**,/jobseekers/job/Full-Stack-Web-Developer-1275725,"Web Programming,Fullstack,Web Development"
full staPart-Time Full Stack Developer & Project Managerck developer,Sultan Travel BV.,"Dec 06, 2024","We are looking for a skilled and experienced Part-Time Full Stack Developer who can take on the dual role of developer and project manager. The ideal candidate will help us improve and maintain our websites, primarily",/jobseekers/job/full-staPart-Time-Full-Stack-Developer-Project-Managerck-developer-1275189,"CMS,Fullstack,English Proficiency"
Front-End WordPress Developer,Billy Gray,"Dec 06, 2024",About Us,/jobseekers/job/Front-End-WordPress-Developer-1275684,"PHP,Vue JS,React JS"
Business Analyst/ Developer,Aj,"Dec 06, 2024",I am looking for someone who can assist me in an interview for a job and has experience as a Business Analyst/developer. I need someone who will help me answer questions during the interview process. I have the software and…,/jobseekers/job/Business-Analyst-Developer-1274900,"SQL Server,Tableau,SAP S4HANA"
Business Intelligence Developer,Patrick Hansen,"Dec 06, 2024","With more than three decades of research as its solid foundation and a flourishing global community of practitioners, we lead the world in bioenergetics.",/jobseekers/job/Business-Intelligence-Developer-1270597,"HubSpot CRM,Power BI,Business development "
Web Developer,Shane Simmons,"Dec 06, 2024",About the Role:,/jobseekers/job/Web-Developer-1275621,
Junior Developer,Ryan Moriarty,"Dec 06, 2024","We are looking for a Junior Developer (or Lead Developer) who can work during EASTERN Time Zone (9pm - 6am Philippine time) and does not mind working overtime and on the weekends, when necessary.",/jobseekers/job/Junior-Developer-1275614,"Web Programming,Website Builder,Software Development Project Manager"
Blockchain Developer,Art Katsaga,"Dec 06, 2024","We are looking for a talented Blockchain Developer to join our team to work on a single groundbreaking project that sets itself apart from most crypto initiatives. This project focuses on real-world utility, aiming to solve practical challenges through blockchain…",/jobseekers/job/Blockchain-Developer-1275556,
eLearning Developer,Key Learning HR,"Dec 05, 2024",About Us: We are an innovative and dynamic studio specializing in designing impactful learning experiences and multimedia content for diverse industries. Our team combines creativity and technology to craft engaging learning solutions and multimedia designs that captivate and inspire. Join…,/jobseekers/job/eLearning-Developer-1275379,
Skilled Flutter Developer,AVA CONSULTING,"Dec 05, 2024",We are seeking a skilled Flutter Developer to join our dynamic startup team. The ideal candidate will have extensive experience in developing and deploying Flutter applications and is passionate about collaborative development. This role offers the opportunity to work closely…,/jobseekers/job/Skilled-Flutter-Developer-1270218,"Mobile Development,Flutter"
Lead Developer,Timothy Cermak,"Dec 05, 2024","SEM Remedy LLC, a premier Web Development and Marketing agency, is seeking an experienced and dynamic Lead Developer to take charge of our technical projects. This role requires a hands-on expert who can lead the development of custom applications and…",/jobseekers/job/Lead-Developer-1275311,"PHP,MySQL,Apache"
Full-Stack Web Developer,Elias Olson,"Dec 05, 2024",We are looking for a Full-Stack Web Developer. You will be working with an exciting startup organization of eager and young professionals who are hungry for growth and opportunities!,/jobseekers/job/Full-Stack-Web-Developer-1270982,
Back-End Developer (FastAPI Focus),Rich Marlatt,"Dec 05, 2024","We are looking for an experienced Back-End Developer to join our team and take ownership of building and optimizing the back-end for our Client Portal application. This platform processes tax forms, validates allocation data, and supports efficient document workflows. You’ll…",/jobseekers/job/Back-End-Developer-FastAPI-Focus-1275247,"PostgreSQL,MongoDB,FastAPI"
"Php 80,000 Permanent Work from Home - Senior Full-Stack Developer & Offshore Team Manager",Lucky,"Dec 05, 2024",Job Description:,/jobseekers/job/Php-80000-Permanent-Work-from-Home-Senior-Full-Stack-Developer-Offshore-Team-Manager-1275227,"Fullstack,English Proficiency"
Webflow Developer,Matt Treece,"Dec 05, 2024",Hi! We are looking for an experienced Squarespace Developer to join our team while working remotely.,/jobseekers/job/Webflow-Developer-1275226,
High Salary - Full Stack Developer,Juval Kuperberg,"Dec 05, 2024",We are looking for a creative developer to take care of our IT needs.,/jobseekers/job/High-Salary-Full-Stack-Developer-940082,
GoHighLevel Specialist / Software Developer,Pepijn Elsen,"Dec 05, 2024","We are looking for a skilled GoHighLevel Specialist and Web Developer to manage and optimize our GoHighLevel CRM, while also building custom online calculators for various projects. These two tasks are independent but equally important, and we need someone who…",/jobseekers/job/GoHighLevel-Specialist-Software-Developer-1275182,"Web Programming,Data analysis,GoHighLevel"
Fullstack Developer,Jasdeep,"Dec 05, 2024",We are seeking a highly motivated and skilled full-stack developer to join our team. The ideal candidate will be responsible for developing and maintaining both client-side and server-side web applications. You will help ensure smooth integration between the user interface…,/jobseekers/job/Fullstack-Developer-1275161,
Full Stack Web Developer (Mid level),Maricel Daguinotas,"Dec 05, 2024",Job Title: Full Stack Web Developer (Mid level),/jobseekers/job/Full-Stack-Web-Developer-Mid-level-1275145,"Web Design & Page Layout,Fullstack,Software Development Project Manager"
Full Stack Web Developer,Yuval Cohen,"Dec 05, 2024","We are seeking experienced Full Stack Developers with a strong technical portfolio. Qualified candidates will showcase proficiency in development, data, and SEO, reflecting a range of skills and project depth.",/jobseekers/job/Full-Stack-Web-Developer-1241066,"Web Programming,Python,API Development"
Web Designer/Developer,Maan Calizar,"Dec 05, 2024","""HIRING**",/jobseekers/job/Web-DesignerDeveloper-1171497,"Web Design & Page Layout,Web Programming,Elementor"
Software developer,Alec Zurhaev,"Dec 05, 2024","We are looking for a skilled, motivated, and self-driven Software Developer to join our team and help us build a custom software solution tailored to the specific needs of our company. This is a fantastic opportunity for someone who enjoys…",/jobseekers/job/Software-developer-1274212,Communication
Java Backend Developer,Roger Dela Cruz Tan,"Dec 05, 2024",Job Responsibilities:,/jobseekers/job/Java-Backend-Developer-1274187,"Java,API Development,AWS Lambda"
API Developer,Deepak,"Dec 05, 2024",PLEASE NOTE - you must apply through this link.,/jobseekers/job/API-Developer-1271728,"Web Programming,REST API"
React Frontend Developer,Stephen Breidenbach,"Dec 05, 2024",WHO WE ARE,/jobseekers/job/React-Frontend-Developer-1175108,"Javascript,React JS,CSS"
Checkout Champ Developer,Rico,"Dec 05, 2024",Job Title: Checkout Champ Developer,/jobseekers/job/Checkout-Champ-Developer-1214406,
"Shopify Hydrogen Developer - React, GraphQL, Remix Expert",Omri Kedem,"Dec 05, 2024",Job Description:,/jobseekers/job/Shopify-Hydrogen-Developer-React-GraphQL-Remix-Expert-1274880,"React JS,Software Development Project Manager,Web Development"
Full Stack Developer | Australian Client Fulltime with Benefits + HMO,Allie Porter,"Dec 05, 2024",APPLY HERE:https://recruitcrm.io/apply/17319988622280066047RDv,/jobseekers/job/Full-Stack-Developer-Australian-Client-Fulltime-with-Benefits-HMO-1232113,"Wordpress,Wix,Fullstack"
Full Stack Web App Developer,Tim,"Dec 04, 2024","Shift: Full-time, Graveyard Shift",/jobseekers/job/Full-Stack-Web-App-Developer-1274744,"Web Programming,Javascript,API Development"
Full-Stack Website Developer with Cyber Security & Accessibility Expertise,Ethan Johnston,"Dec 04, 2024","Position Overview: As a Full-Stack Website Developer, you will be responsible for designing, developing, and maintaining web applications. This role requires a deep understanding of both front-end and back-end development, as well as experience in implementing cyber security measures and…",/jobseekers/job/Full-Stack-Website-Developer-with-Cyber-Security-Accessibility-Expertise-1250981,"Fullstack,Cybersecurity"
Go High Level Website Developer Needed,Jason McLeod,"Dec 04, 2024","We are seeking a skilled Go High Level (GHL) Website Developer to create a dynamic, user-friendly website tailored for managing payment transactions and reservation records. The project involves building a platform that integrates seamlessly with Stripe for payment processing and…",/jobseekers/job/Go-High-Level-Website-Developer-Needed-1274709,Web Programming
WordPress Developer,Nadine,"Dec 04, 2024","As a Senior WordPress Developer, you will ensure our sites run smoothly and perform optimally. You will drive business growth through development and integration, ensuring our business system applications deliver measurable value. As the go-to expert for our web solutions,…",/jobseekers/job/WordPress-Developer-1257689,
Fullstack developer,Faigy,"Dec 04, 2024","We are seeking a talented Full-Stack Developer to join our team! You’ll be responsible for building and maintaining web applications, managing both front-end and back-end development, and ensuring seamless functionality. The ideal candidate has experience with modern frameworks, APIs, and…",/jobseekers/job/Fullstack-developer-1274556,
Senior Front-End Developer - React JS,Coleen Cuizon,"Dec 04, 2024",***PLEASE READ ON HOW TO APPLY***,/jobseekers/job/Senior-Front-End-Developer-React-JS-1274451,
Junior Developer,Ryan Moriarty,"Dec 04, 2024","We are looking for a Junior Developer (or Lead Developer) who can work during EASTERN Time Zone (9pm - 6am Philippine time) and does not mind working overtime and on the weekends, when necessary.",/jobseekers/job/Junior-Developer-1274443,"Web Programming,Website Builder,Software Development Project Manager"
Next.js developer,Stephen Wise,"Dec 04, 2024",We're looking to hire a Next.js developer at DemandFlow over the next few months to turn our insanely good designs into high performing websites and work on building our own tools and projects.,/jobseekers/job/Nextjs-developer-1274420,"Javascript,Node JS,Next JS"
"Experienced Backend Developer (Part-Time, Pacific Time)",Kitty Kellman,"Dec 04, 2024","We’re looking for an Experienced Backend Developer to help us build a cutting-edge application. The ideal candidate will have deep knowledge of Google Cloud Platform and Go, be experienced in PHP, SQL, and APIs and have a strong understanding of…",/jobseekers/job/Experienced-Backend-Developer-Part-Time-Pacific-Time-1273943,"Google Cloud,Management and Developer Tools,GoLang"
Hiring for a Senior Full Stack Developer! Can start ASAP!,Eris Cuntapay,"Dec 04, 2024",The Challenge,/jobseekers/job/Hiring-for-a-Senior-Full-Stack-Developer-Can-start-ASAP-1270136,"Shopify,Fullstack,AI Tools"
Part-Time WordPress Developer,Shane Da Costa,"Dec 04, 2024",Part-Time WordPress Developer with AVADA Theme & Technical SEO Expertise,/jobseekers/job/Part-Time-WordPress-Developer-1274137,"SEO Analysis,Website Builder,Wordpress"
Blockchain Developer – Decentralized Finance (DeFi) and Liquidity Pools Specialist,Hiring Manager,"Dec 04, 2024","We are looking for an experienced Blockchain Developer with a deep understanding of decentralized finance (DeFi) protocols and liquidity pools. The ideal candidate will design, develop, and deploy blockchain-based applications, with a strong focus on building innovative solutions in the…",/jobseekers/job/Blockchain-Developer-Decentralized-Finance-DeFi-and-Liquidity-Pools-Specialist-1274082,"Blockchain,Cryptocurrency"
Web Developer,Hiring Manager,"Dec 04, 2024","We are seeking a talented Web Developer with a strong eye for design and aesthetic detail, as well as the technical expertise to create robust backend systems. The ideal candidate will be responsible for developing and deploying websites, landing pages,…",/jobseekers/job/Web-Developer-1274078,"Web Programming,Wordpress,Web Development"
Front-End Developer (ReactJS Focus),Rich Marlatt,"Dec 04, 2024","We are seeking a skilled Front-End Developer with a strong understanding of back-end integrations to join our team. This role is primarily focused on front-end development using ReactJS, but familiarity with the back-end (built with FastAPI) is essential for effective…",/jobseekers/job/Front-End-Developer-ReactJS-Focus-1274076,"React JS,Redux,Typescript"
Shopify Developer,Stephen Wise,"Dec 04, 2024",We're looking to hire a shopify developer initially on a contract basis with the potential to increase to a full time position.,/jobseekers/job/Shopify-Developer-1245137,"Shopify,Shopify,Shopify"
full stack developer/ SQL Developer,Miriam Lopez,"Dec 04, 2024",Job Description: Call Center Set up,/jobseekers/job/full-stack-developer-SQL-Developer-1267036,"Mssql,SQL Server"
Software Developer,Sludge AI,"Dec 03, 2024",Job Opportunity: Senior Backend Python Software Developer,/jobseekers/job/Software-Developer-1274064,"Python,Software,AWS"
.NET Developer,Graham Green,"Dec 03, 2024",Job Title: .NET Developer,/jobseekers/job/NET-Developer-1274007,"Web Programming,SQL Server,ASP.NET"
"WordPress Developer (Oxygen Pagebuilder / Webdesign, Conversion)",Michael Fricke,"Dec 03, 2024",About the Role,/jobseekers/job/WordPress-Developer-Oxygen-Pagebuilder-Webdesign-Conversion-1273974,"Web Design & Page Layout,PHP,Wordpress"
Ruby on Rails developer,Hugh Samuel,"Dec 03, 2024",We have a Ruby on Rails web app for orders and inventory management. We are looking for an engineer to help on a broad range of features across the front end and back end. In this role you will implement…,/jobseekers/job/Ruby-on-Rails-developer-797132,
Odoo Developer & Emipro Inegration,Shihui Luo,"Dec 03, 2024",Role Overview:,/jobseekers/job/Odoo-Developer-Emipro-Inegration-1273915,
Sr. ASP Net Developer,Bill Ren,"Dec 03, 2024",We are looking for a Sr. Dot NET Developer. Primary responsibility of this job is to lead the enhancement  of web-based SaaS application built with .NET and SQL Server technology stack.,/jobseekers/job/Sr-ASP-Net-Developer-1273762,"C#,.Net,SQL Server"
API Integration Developer,Slash Staffing,"Dec 03, 2024",IMPORTANT:,/jobseekers/job/API-Integration-Developer-1273749,"Javascript,Soap,Integration"
PHP Wordpress Senior Developer,Jamie Buckman,"Dec 03, 2024",We are looking for a PHP developer to build a self contained plug in for Wordpress.,/jobseekers/job/PHP-Wordpress-Senior-Developer-1245976,"PHP,Wordpress"
Wordpress Developer,Nhyll Flores,"Dec 03, 2024",Company Overview:,/jobseekers/job/Wordpress-Developer-1273652,"SEO,Wordpress"
Internal Tool | Low Code Developer (Javascript/ SQL),Nancy Nguyen,"Dec 03, 2024",Position: Full-time JavaScript Developer for Low Code Development on Retool,/jobseekers/job/Internal-Tool-Low-Code-Developer-Javascript-SQL-1273587,"Javascript,SQL,PostgreSQL"
Web Developer and Integration Lead,Florent Bonlong Lienou Lactepoue,"Dec 03, 2024",Job Overview,/jobseekers/job/Web-Developer-and-Integration-Lead-1273624,"Wordpress,Data Engineering,Web Development"
Shopify Theme Designer/Developer,Kristienne Ruiz,"Dec 03, 2024",We’re on the lookout for a Shopify Theme Designer/Developer to join our expanding team and drive our company’s growth!,/jobseekers/job/Shopify-Theme-DesignerDeveloper-1252120,"Shopify,Design,Web Programming"
C++ Developer (Driver Development Specialist),John,"Dec 03, 2024","We are seeking a highly skilled and motivated C++ Developer with a strong background in kernel-level programming and driver development. You will work on cutting-edge projects requiring advanced knowledge of Windows internals, low-level system interactions, and performance optimization. If you…",/jobseekers/job/C-Developer-Driver-Development-Specialist-1273035,C++
Backend developer,Mohamed Aldie,"Dec 03, 2024",Job Type: Full-time - Remote,/jobseekers/job/Backend-developer-1272862,"Node JS,PostgreSQL"
Full Stack Developer for Customer Chat Support,Zel,"Dec 03, 2024",We’re looking for a skilled and reliable developer.,/jobseekers/job/Full-Stack-Developer-for-Customer-Chat-Support-1272847,"React JS,Next JS"
Virtual Reality VA ( Software Developer ),Jess,"Dec 03, 2024",We are urgently looking for a software developer who is familiar in the following :,/jobseekers/job/Virtual-Reality-VA-Software-Developer-1273488,"3D animation,Javascript,Software Development Project Manager"
Full Stack Website Developer,Rashiee,"Dec 03, 2024",Job Description :,/jobseekers/job/Full-Stack-Website-Developer-1228952,"Wordpress,Google Cloud,Woocommerce"
Web Developer (URGENT),DMA Singapore,"Dec 03, 2024","I am in need of a team of EXPERT Web Developer who can work with a fast paced environment. Starting Date: November 6, 2024 Attach your skype ID, WhatsApp, resume and sample work.",/jobseekers/job/Web-Developer-URGENT-1257917,
Back End Developer,Lulie,"Dec 03, 2024",We are looking for a Backend Developer skilled in Golang and SQL to join our team. The ideal candidate will have experience in API development and data analytics. Salary will be discuss during the interview. Please send your CV/resume at…,/jobseekers/job/Back-End-Developer-1273392,"SQL,API Development,GoLang"
Front-End Developer (Minimum 5 Years Experience Required),Ray Sinlao,"Dec 03, 2024","We are looking for a skilled and design-oriented Front-End Developer with at least 5 years of experience to join our team! This role is ideal for someone passionate about crafting clean, responsive, and visually appealing user interfaces using HTML, CSS,…",/jobseekers/job/Front-End-Developer-Minimum-5-Years-Experience-Required-1273371,"Javascript,CSS,HTML"
JR-14566: Full Stack Developer I WFH,Eunice,"Dec 03, 2024",We’re Hiring: Full Stack Developer,/jobseekers/job/JR-14566-Full-Stack-Developer-I-WFH-1239283,
Full stack software engineer /  web application developer,Charlie G,"Dec 03, 2024",Job Title: Full Stack Software Engineer / Web Developer,/jobseekers/job/Full-stack-software-engineer-web-application-developer-1273327,
Junior Web Developer,Paul Smith,"Dec 03, 2024",Job Overview:,/jobseekers/job/Junior-Web-Developer-1138509,"Web Design & Page Layout,Wordpress,Elementor"
}----- Awesome Web Developer -----{,AK - HR,"Dec 02, 2024",We are looking for a skilled web developer with experience in modern JavaScript technologies (such as Node. js and React. js) to join our growing development team. This role will involve building high-performance web applications from the back end (server-side…,/jobseekers/job/Awesome-Web-Developer-1259616,
Python Developer for Algorithmic Trading,Christopher Bastedo,"Dec 02, 2024","My name is Chris, and I’m the Sole Owner/Consultant of Raatio Analytics Inc., located in Vancouver, Canada. Raatio provides custom research and analysis, and operational planning for private investment projects. Projects included; residential real estate, aviation industrial real estate, developing…",/jobseekers/job/Python-Developer-for-Algorithmic-Trading-1271898,Python
Full Time Full-Stack Developer,Roy Wright,"Dec 02, 2024",Hello!,/jobseekers/job/Full-Time-Full-Stack-Developer-1273042,"Fullstack,Elementor,Web Development"
Senior Web Developer / Laravel  / Javascript,Kalle Flink,"Dec 02, 2024",About Us:,/jobseekers/job/Senior-Web-Developer-Laravel-Javascript-1273007,"Graphic Design,Laravel,Javascript"
Full Stack Developer (Front & Back End Developer),Tommy R,"Dec 02, 2024",Position: Full Stack Developer (Front & Back End Developer),/jobseekers/job/Full-Stack-Developer-Front-Back-End-Developer-1119260,
Web Developer (Full/Part Time)- 10 Years Experience needed,Sujeeta S Johar,"Dec 02, 2024","About Us: We are a dynamic team building an online accounting platform, a cutting-edge fintech web application. Our work blends innovation and stability, and we are looking for a talented Web Developer to join us on our mission. If you…",/jobseekers/job/Web-Developer-FullPart-Time-10-Years-Experience-needed-1272981,
Junior Developer,Ryan Moriarty,"Dec 02, 2024","We are looking for a Junior Developer (or Lead Developer) who can work during EASTERN Time Zone (9pm - 6am Philippine time) and does not mind working overtime and on the weekends, when necessary.",/jobseekers/job/Junior-Developer-1272927,"Web Programming,Website Builder,Software Development Project Manager"
Web Developer with Elementor Expertise (Full-Time),Regz,"Dec 02, 2024",Only applicants who fill out the form will be considered.,/jobseekers/job/Web-Developer-with-Elementor-Expertise-Full-Time-1266938,"Web Design & Page Layout,Wordpress,Elementor"
Web developer Wordpress,Morris Gielen,"Dec 02, 2024",We are looking for a Wordpress developer. Experienced with elementor pro. We don't want to work with standard templates. We want to work with manually coded websites. We do this for multiple company's so the work will be multiple projects…,/jobseekers/job/Web-developer-Wordpress-1272907,"Wordpress,Wordpress,Elementor"
UI/UX Developer,Marjorie Silvestre,"Dec 02, 2024",About the Role,/jobseekers/job/UIUX-Developer-1272867,
Web Developer,EAD Consultants Recruitment,"Dec 02, 2024",Australian client looking for Web Developer.,/jobseekers/job/Web-Developer-1272826,"Wordpress,Helpdesk Support,Web Development"
Senior Full Stack Web Developer,Angela,"Dec 02, 2024",We are looking for a motivated and talented full-stack developer to join our team. The ideal candidate will be responsible for building and maintaining web applications on both the client and server sides.,/jobseekers/job/Senior-Full-Stack-Web-Developer-1272794,"Website Builder,Fullstack,Web Development"
Freelance Shopify Developer (Can start asap!),Web Services Desk,"Dec 02, 2024","Calling all Shopify wizards! webDesk is looking for a Shopify Developer who’s ready to turn big ideas into high-performing e-commerce stores. Work alongside experts in the field and grow with us. If you’re passionate about building seamless, beautiful shopping experiences…",/jobseekers/job/Freelance-Shopify-Developer-Can-start-asap-1213370,"Shopify,Software,Woocommerce"
Front-end Developer,Andre Mendonca,"Dec 02, 2024",We are on the look for a Full Time skilled Front-End Developer to join our team.,/jobseekers/job/Front-end-Developer-1267286,"PHP,Wordpress,Javascript"
Custom Shopify & WooCommerce Developer,Andre Mendonca,"Dec 02, 2024",We are on the look for a Full Time Custom Shopify/WooCommerce Developer to join our team.,/jobseekers/job/Custom-Shopify-WooCommerce-Developer-1266709,"Wordpress,Shopify,Woocommerce"
Full time shopify and Wordpress developer,benjamin,"Dec 02, 2024","Looking for a frontend developer that is proficient in html, css. We’re looking for someone to perform the duties of a front end developer on both shopify and wordpress.",/jobseekers/job/Full-time-shopify-and-Wordpress-developer-1100187,"Wordpress,Shopify,HTML"
Full Stack Web Developer & More,Paul Milchem,"Dec 02, 2024",**This is a WFH Role BUT we ONLY hire Manila-based Contractors**,/jobseekers/job/Full-Stack-Web-Developer-More-1254537,
FlutterFlow/Flutter Developer,Joseph Kim,"Dec 02, 2024","I need a flutterflow developer who has experience with Rest APIs, custom actions, custom functions, supabase (Postgres), firebase, and cloud functions. If you know flutter you have to be willing to learn flutterflow.",/jobseekers/job/FlutterFlowFlutter-Developer-1262889,"Flutter,FlutterFlow"
Website Developer,Muhammad Kousar,"Dec 01, 2024","Hello, We're End-to-end Detailing , a mobile car detailing and valeting service based in Sheffield, England. We are looking to expand and hire a web developer on freelance work. We would like to offer this job role to somebody who…",/jobseekers/job/Website-Developer-1272596,"Bigcommerce,Godaddy Website Builder"
Developer,Adrien AS,"Dec 01, 2024","I'm looking for a developer to build a web-hook / automation or something to make me able to create one click upsell from a button in an email, to rebill my existing customers who have their card on file without…",/jobseekers/job/Developer-1243466,
Website Developer --Front and Back End,R Burns,"Dec 01, 2024",Front and Back End Website Designer,/jobseekers/job/Website-Developer-Front-and-Back-End-1272514,"Website Builder,Website Copywriting,Web Development"
Senior Software Developer,Brenton Stewart,"Dec 01, 2024","Are you looking to make a significant impact in a small, agile team? We're a small company seeking an experienced .NET Windows Forms Developer to join our close-knit team.",/jobseekers/job/Senior-Software-Developer-1272434,"Javascript,.Net,SQL Server"
Experienced React.js & Node.js Developer,Mick Aginci,"Dec 01, 2024",Looking for a developer that is fluent in development with React.js & Node.js. Must be seasoned and experience with the ability to easily continue off from another program that is highly developed.,/jobseekers/job/Experienced-Reactjs-Nodejs-Developer-1272400,"Node JS,React JS"
Web Developer/Designer,Gabe Stover,"Dec 01, 2024",Company: StoverTech,/jobseekers/job/Web-DeveloperDesigner-1264492,
Shopify Web Designer/Developer – Impulse Theme Expert,Yasen,"Nov 30, 2024",Title: Shopify Web Designer/Developer – Impulse Theme Expert,/jobseekers/job/Shopify-Web-DesignerDeveloper-Impulse-Theme-Expert-1272294,
bot developer,Harry Gates,"Nov 30, 2024","I am looking for a skilled bot developer to help resolve a critical issue with my Amazon PPC campaigns. A click bot is targeting my ads, continuously clicking on them and depleting my pay-per-click budget without generating genuine traffic or…",/jobseekers/job/bot-developer-1272233,
Junior Developer,Ryan Moriarty,"Nov 30, 2024","We are looking for a Junior Developer (or Lead Developer) who can work during EASTERN Time Zone (9pm - 6am Philippine time) and does not mind working overtime and on the weekends, when necessary.",/jobseekers/job/Junior-Developer-1272194,"Web Programming,Website Builder,Software Development Project Manager"
3D Website Developer,CEO ROMAS,"Nov 30, 2024","We are building a short-term project and are looking for a talented Website Developer to bring our vision to life. If we love your work, this could lead to collaborations on future long-term projects.",/jobseekers/job/3D-Website-Developer-1272158,"Website Builder,Software,Game Development"
***AMAZING Webflow Developer for E-Commerce Business Needed ASAP***,Mert Yan,"Nov 30, 2024","We are an innovative marketing company headquartered in New York, known for accelerating growth for DTC brands through strategic solutions and data-driven optimizations. We are seeking a Webflow Developer with a strong eye for design and a passion for creating…",/jobseekers/job/AMAZING-Webflow-Developer-for-E-Commerce-Business-Needed-ASAP-1266013,"Webflow,Webflow"
Web Developer,Maricel,"Nov 29, 2024",About Us:,/jobseekers/job/Web-Developer-1258774,"Web Design & Page Layout,Web Programming,Website Builder"
AI Tools Developer [Reverse Engineering],Erika G,"Nov 29, 2024",About Us:,/jobseekers/job/AI-Tools-Developer-Reverse-Engineering-1243828,"Machine Learning,Developer tools,AI Tools"
Zoho CRM Developer,moshe khaniel,"Nov 29, 2024",Zoho CRM Developer - Join Our Fast-Growing Tech Company,/jobseekers/job/Zoho-CRM-Developer-1271771,"CRM,Zoho CRM"
Full Stack Python Developer,John G,"Nov 29, 2024",Full Stack Python Developer (React/TypeScript + Python),/jobseekers/job/Full-Stack-Python-Developer-1211641,"Python,Django,SQL"
Full Stack web Developer,RivetStays Team,"Nov 29, 2024",**About Us:**,/jobseekers/job/Full-Stack-web-Developer-1271607,"Web Programming,PHP,Fullstack"
Senior Go Developer (WFH),David McConnell,"Nov 28, 2024","We are seeking an Senior Go Developer to bring their experience, knowledge, and passion for building great features and code to our team.",/jobseekers/job/Senior-Go-Developer-WFH-1206897,"Docker,GoLang"
Software Developer,Jay Choi,"Nov 28, 2024","Join FindRx – Revolutionize Healthcare Access with Us! Are you a talented developer ready to make a real-world impact? At FindRx, we’re transforming how patients access life-saving medications in times of shortage.",/jobseekers/job/Software-Developer-1271468,
Front End Web Developer,Agnes Cabulong,"Nov 28, 2024","Job Summary: The Front End Web Developer is responsible for crafting visually stunning and highly functional web experiences. You will collaborate closely with designers, back end developers, and other stakeholders to bring Ad Voca projects to",/jobseekers/job/Front-End-Web-Developer-1271465,"Web Design & Page Layout,Web Programming,Web Development"
Junior Developer,Ryan Moriarty,"Nov 28, 2024","We are looking for a Junior Developer (or Lead Developer) who can work during EASTERN Time Zone (9pm - 6am Philippine time) and does not mind working overtime and on the weekends, when necessary.",/jobseekers/job/Junior-Developer-1271377,"Web Programming,Website Builder,Software Development Project Manager"
"Next.js Front-End Developer - Simple, Focused Front-End Work",Thatnco,"Nov 28, 2024","Are you a front-end developer who loves clean code and intuitive designs? We’re looking for a Next.js Front-End Developer to help enhance our website. If you’re experienced with React and Next.js and enjoy straightforward projects, this role is perfect for…",/jobseekers/job/Nextjs-Front-End-Developer-Simple-Focused-Front-End-Work-1271352,"React JS,Next JS,Wordpress"
Lead Developer for Innovative AI-Powered Platform (Remote),Dave,"Nov 28, 2024","Are you a talented developer passionate about creating groundbreaking solutions? Join EchoVQ, an exciting new platform that uses AI and audio analysis to provide actionable feedback to vocal students and teachers. We’re looking for a skilled developer who loves building…",/jobseekers/job/Lead-Developer-for-Innovative-AI-Powered-Platform-Remote-1271321,"Audio Editing,Node JS,Python"
Website Developer/designer,Adnan Dahhan,"Nov 28, 2024",Please read carefully and ONLY apply if you are capable of doing the following and you think you are a perfect fit:,/jobseekers/job/Website-Developerdesigner-1271316,"Web Design & Page Layout,Website Builder,Web Development"
Product Support Specialist - with a developer skill,Pia,"Nov 28, 2024","***PLEASE DO NOT APPLY FOR THIS POSITION IF YOU DO NOT HAVE TECHNICAL PROFICIENCY IN CSS, HTML, OR JAVASCRIPT (AND OTHER PROGRAMMING LANGUAGES)***",/jobseekers/job/Product-Support-Specialist-with-a-developer-skill-1259356,
Sr. Webflow Developer-PH (w/ WordPress experience),Roselyn Tarroquin,"Nov 27, 2024",ABOUT THE ROLE:,/jobseekers/job/Sr-Webflow-Developer-PH-w-WordPress-experience-1121686,
Shopify Developer / Specialist,Tim Leferink,"Nov 27, 2024","We are looking for a skilled Shopify Developer who is proficient in coding and has in-depth knowledge of Shopify, including themes and customization. The ideal candidate will work a few hours daily, helping us enhance and maintain our Shopify store.…",/jobseekers/job/Shopify-Developer-Specialist-1270838,"Shopify,Shopify,Shopify"
Front-End Developer (React.js),Talent Bridging,"Nov 27, 2024",Job Summary,/jobseekers/job/Front-End-Developer-Reactjs-1271124,"Web Programming,Website Builder,Web Development"
*Exciting Opportunity: Website Developer Wanted!*,Isaac Cohen,"Nov 27, 2024","Are you a talented website developer looking to make a significant impact? We are seeking a dedicated professional to join our dynamic remote team for a full-time position, working 60 hours weekly.",/jobseekers/job/Exciting-Opportunity-Website-Developer-Wanted-1270451,
WordPress Landing Page Developer - US HOURS ONLY,Rick,"Nov 27, 2024",**Read Whole Post**,/jobseekers/job/WordPress-Landing-Page-Developer-US-HOURS-ONLY-1271100,"Wordpress,Wordpress,Elementor"
Web Developer Needed – Immediate Start (One-Time Project),Yassin Sheekh,"Nov 27, 2024",Project Details:,/jobseekers/job/Web-Developer-Needed-Immediate-Start-One-Time-Project-1271077,
SharePoint Developer - PH,Lynie Nadal,"Nov 27, 2024",ABOUT THE ROLE,/jobseekers/job/SharePoint-Developer-PH-1256236,"CRM,English Speaking,SharePoint"
ServiceNow Developer - PH,Lynie Nadal,"Nov 27, 2024",ABOUT THE ROLE,/jobseekers/job/ServiceNow-Developer-PH-1257571,"IT,Systems Administration,ServiceNow"
FreshService Front End Developer - PH,Shenel Pascua,"Nov 27, 2024",,/jobseekers/job/FreshService-Front-End-Developer-PH-1258231,
Web Developer: Wix Specialist,Donita Russell,"Nov 27, 2024","We seek a skilled and detail-oriented virtual web developer to manage website development and maintenance tasks, with expertise in Wix and WordPress platforms. This role offers flexible hours and the opportunity to work remotely. The ideal candidate will have a…",/jobseekers/job/Web-Developer-Wix-Specialist-1270966,
Web Designer/Developer -,Passieon,"Nov 27, 2024",We are seeking a talented and motivated part-time Web Developer/Designer to join our team for a 4-hour workday schedule. The ideal candidate must have experience working with Figma and Elementor and demonstrate a commitment to active communication—keeping the team informed…,/jobseekers/job/Web-DesignerDeveloper-1270953,"Figma,Elementor"
iOS Developer,Jezriel Bajan,"Nov 27, 2024","At Ever Accountable, we help people live with integrity online. Our accountability app is trusted by thousands to build healthy online habits. If you’re a driven developer who’s ready to tackle challenges and deliver high-quality work, we’d love to have…",/jobseekers/job/iOS-Developer-1270831,"Python,Swift,iOS Development"
Experienced Shopify Developer for Complex Shopify Website,Ericson,"Nov 27, 2024",Job Description:,/jobseekers/job/Experienced-Shopify-Developer-for-Complex-Shopify-Website-1228574,"Shopify,Shopify,Shopify"
Web Developer/Designer,Norman Rosson,"Nov 27, 2024",We are seeking a talented and passionate Web Developer/Designer to join our team full-time. This is more than just a job—it’s an opportunity to turn your skills into a career. You’ll work with industry-leading platforms like WordPress and Shopify to…,/jobseekers/job/Web-DeveloperDesigner-1270777,"Content Creation,Shopify,Wordpress"
Full Stack Python Developer,Metro Mahout,"Nov 27, 2024",Full Stack Python Developer (React/TypeScript + Python),/jobseekers/job/Full-Stack-Python-Developer-1211643,"React JS,Typescript,AI Tools"
Front-end Developer,Andre Mendonca,"Nov 27, 2024",We are on the look for a Full Time skilled Front-End Developer to join our team.,/jobseekers/job/Front-end-Developer-1270702,"PHP,Wordpress,Javascript"
Web Developer For Local Event Finder —Buzz,Rosmal Gamez,"Nov 27, 2024",Web Developer for Local Event Finder - **Buzz**,/jobseekers/job/Web-Developer-For-Local-Event-Finder-Buzz-1270591,"Web Design & Page Layout,Fullstack,Web Development"
BigCommerce Website Developer,Trey Maynard,"Nov 26, 2024",I am in need of a competent website developer that is comfortable with BigCommerce (a Shopify competitor) to create a professional website for a firearms accessory company. Please ensure it is built in a way that it can be maintained…,/jobseekers/job/BigCommerce-Website-Developer-1264899,"E-Commerce,Web Design & Page Layout,Bigcommerce"
Part-Time Coda.io Developer Consultant,Clif Dunn,"Nov 26, 2024",About Us,/jobseekers/job/Part-Time-Codaio-Developer-Consultant-1270470,
Full Stack/PHP Software Developer,Real Time Marketing,"Nov 26, 2024",Job Description:,/jobseekers/job/Full-StackPHP-Software-Developer-1264370,Fullstack
SHOPIFY DEVELOPER,Jenifer Spratley,"Nov 26, 2024",A start up skincare brand is looking for an expert Shopify Developer to design and development a website.  The launch will roll out approximately 2 to 4 products.  This would be a simple but modern easy to navigate website.,/jobseekers/job/SHOPIFY-DEVELOPER-1270412,"Graphic Design,Web Design & Page Layout,Web Development"
Shopify Developer,Kim,"Nov 26, 2024",I am looking for a solid Shopify developer who would love to work with US e-commerce stores and a mostly Filipino team.,/jobseekers/job/Shopify-Developer-1096526,"Shopify,Shopify"
Remote Web Developer,Angel,"Nov 26, 2024","We are looking for a versatile Web Developer who has a strong foundation in web development. The ideal candidate will have experience in customizing WordPress themes, a deep understanding of UI/UX principles, and the ability to create visually compelling digital…",/jobseekers/job/Remote-Web-Developer-1270361,"Wordpress,Elementor,Web Development"
Shopify and Website Developer,Janie Hoysgaard,"Nov 26, 2024","Devin Alexander (www.devinalexander.com) and FitMomFitKids.com is seeking a talented and experienced Shopify and Website Developer to join our team. In this role, you will be responsible for designing, developing, and maintaining our e-commerce website and Shopify store. You will work…",/jobseekers/job/Shopify-and-Website-Developer-1270304,"Shopify,Web Design & Page Layout,Web Development"
Game Developer - 600,Chris Guad,"Nov 26, 2024",Starting Salary: $600 per month,/jobseekers/job/Game-Developer-600-1136707,"Game Development,Unity,Unreal Engine"
Software Developer,Hiva Recruiting,"Nov 26, 2024",Python Developer (Full-Stack Focus),/jobseekers/job/Software-Developer-1270231,
Software Developer,Hiva Recruiting,"Nov 26, 2024",Software Developer,/jobseekers/job/Software-Developer-1270225,
ClickFunnels Developer/Designer,Antonio,"Nov 26, 2024","Looking for a talented ClickFunnels Developer/Designer to join our team! If you're experienced in creating stunning and high-converting funnels, we'd love to hear from you.",/jobseekers/job/ClickFunnels-DeveloperDesigner-1270210,Clickfunnels
Flutter Developer,Bryce Matheson,"Nov 26, 2024","We are seeking a Flutter Developer to work on our existing iOS/Android mobile application. We're a small company in the stock investing space. We currently have a mobile app, but it needs some performance/speed improvements, stability adjustments, new features, new…",/jobseekers/job/Flutter-Developer-1269956,"Mobile Development,Flutter,iOS Development"
Experienced PYTHON & M365 Canvas App developer,Simon cohen,"Nov 26, 2024",***PYTHON & M365 CANVAS APP DEVELOPER***,/jobseekers/job/Experienced-PYTHON-M365-Canvas-App-developer-1269913,
Laravel / Nuxt 3 Developer,Matthew Klahorst,"Nov 26, 2024",Looking for someone to work on a Laravel / Nuxt3 application alongside another developer. Please send over projects/experience with Laravel + Nuxt3 work.,/jobseekers/job/Laravel-Nuxt-3-Developer-1268628,"Laravel,Nuxt JS,TailwindCSS"
Full Stack Javascript Developer - Contract,Algae Cal Inc,"Nov 26, 2024","Full Stack Javascript Developer Wanted: AlgaeCal is looking for a Full Stack Developer to join our  fun-loving Dev team. In  this role, you'll work hands-on with our new middleware and React frontend, tackling both front and back-end tasks to squash…",/jobseekers/job/Full-Stack-Javascript-Developer-Contract-1269879,
Divi WordPress developer with basic sysadmin skills,C,"Nov 26, 2024",Hey there!,/jobseekers/job/Divi-WordPress-developer-with-basic-sysadmin-skills-308675,
Full-Stack Developer to Build Web Application using React,James,"Nov 25, 2024","We seek a skilled full-stack developer to convert Figma designs into a functional web application, handling both front-end and back-end development and cloud deployment.",/jobseekers/job/Full-Stack-Developer-to-Build-Web-Application-using-React-1269855,
Full Stack Developer (HTML/SQL/Server Specialist),Oumkaltoum,"Nov 25, 2024",Location: Remote,/jobseekers/job/Full-Stack-Developer-HTMLSQLServer-Specialist-1265396,"HTML,Fullstack,SQL Server"
Shopify Developer for Store Migration and Integration,Daniel Delozier,"Nov 25, 2024",Job Overview,/jobseekers/job/Shopify-Developer-for-Store-Migration-and-Integration-1269683,"Shopify,Shopify"
Full Stack Python Developer,Metro Mahout,"Nov 25, 2024",Full Stack Python Developer (React/TypeScript + Python),/jobseekers/job/Full-Stack-Python-Developer-1211644,"Python,Django,Python"
Associate QA Developer,Algae Cal Inc,"Nov 25, 2024",Bug Squisher Wanted:,/jobseekers/job/Associate-QA-Developer-1269624,
Web Developer,Joshua Smith,"Nov 25, 2024",Looking for a junior Website / AI WebApp developer.,/jobseekers/job/Web-Developer-1269603,
Junior Developer,Ryan Moriarty,"Nov 25, 2024","We are looking for a Junior Developer (or Lead Developer) who can work during EASTERN Time Zone (9pm - 6am Philippine time) and does not mind working overtime and on the weekends, when necessary.",/jobseekers/job/Junior-Developer-1269569,"Web Programming,Website Builder,Software Development Project Manager"
Developer (C# & TypeScript Specialist),Marvin Jay Mondilla,"Nov 25, 2024",Job Description:,/jobseekers/job/Developer-C-TypeScript-Specialist-1269506,"Typescript,C#,Fullstack"
Full Stack Python Developer,Metro Mahout,"Nov 25, 2024",Full Stack Python Developer (React/TypeScript + Python),/jobseekers/job/Full-Stack-Python-Developer-1211640,"React JS,Typescript,Python"
Python Developer for Content Automation and AI Integration,KevinCharef,"Nov 25, 2024",Position Title: Python Developer for Content Automation and AI Integration,/jobseekers/job/Python-Developer-for-Content-Automation-and-AI-Integration-1269392,"Python,AI Tools"
Web Developer,JJ LLC,"Nov 25, 2024",Responsibilities,/jobseekers/job/Web-Developer-1269360,"Web Design & Page Layout,Website Builder"
Tableau Developer,Ces Cardenas,"Nov 25, 2024",**Job Title:** Tableau Developer,/jobseekers/job/Tableau-Developer-1254937,"Data Analytics,SQL,Tableau"
Remote SaaS Developer,Human Resources,"Nov 24, 2024",We are a small company currently developing a SaaS service for the teleservices industry.,/jobseekers/job/Remote-SaaS-Developer-1269101,"SaaS,Javascript,Linux Administrator"
Full Stack Developer,Eric Davis,"Nov 24, 2024","As a Full Stack Developer at E8, you'll be responsible for seamlessly integrating our companies ideas to new heights, enhance user experiences and unlock exciting social media features. You'll work closely with our cross-functional team of designers, product managers, and…",/jobseekers/job/Full-Stack-Developer-1103864,"Software,Software Development Project Manager,iOS Development"
Soundboard App Developer Full Stack,Drew,"Nov 24, 2024",We are looking for an application developer that can help us develop an application like the following:,/jobseekers/job/Soundboard-App-Developer-Full-Stack-1268936,"Web Programming,Fullstack,iOS Development"
Software Developer,Anthony Cullen,"Nov 23, 2024",Ignition Systems is a dynamic startup specializing in automating and enhancing business processes for professional service providers. We are looking for a skilled Software Developer to join our remote team to lead integrations and manage a significant development project. If…,/jobseekers/job/Software-Developer-1268822,"PHP,GoHighLevel,Zapier"
Data Scientist/Developer,Joseph Zoccali,"Nov 23, 2024",I am working on building a generative AI tool for lawyers and require a developer/data scientists who can assist.,/jobseekers/job/Data-ScientistDeveloper-936759,
"AWS, React, Bedrock, developer",Eric Sanchez,"Nov 23, 2024",I am looking for folks who have developer skills to help build a product for use in enterprise systems.,/jobseekers/job/AWS-React-Bedrock-developer-1268774,"Javascript,React JS,AWS"
Junior Developer,Ryan Moriarty,"Nov 23, 2024","We are looking for a Junior Developer (or Lead Developer) who can work during EASTERN Time Zone (9pm - 6am Philippine time) and does not mind working overtime and on the weekends, when necessary.",/jobseekers/job/Junior-Developer-1268740,"Web Programming,Website Builder,Software Development Project Manager"
Wordpress Web Developer,Adelina Desrosiers,"Nov 22, 2024",Looking for a Web Developer who has experience with building out Custom Wordpress Themes and Custom Pages.,/jobseekers/job/Wordpress-Web-Developer-1258464,"Web Design & Page Layout,CMS,Wordpress"
Web Developer (Angular and JSNode JS),Noah A,"Nov 22, 2024",***Apply by emailing your Resume and Portfolio to info@internationalpositions.com **,/jobseekers/job/Web-Developer-Angular-and-JSNode-JS-1268495,"Node JS,Angular JS,Website Builder"
Automation & Developer Role at OnSync AI,Mezz,"Nov 22, 2024",Job Opportunity: Automation & Developer Role at OnSync AI,/jobseekers/job/Automation-Developer-Role-at-OnSync-AI-1268318,"Javascript,JSON,Make.com"
Full Stack Software Developer,Keefer,"Nov 22, 2024",I am looking for a Full Stack Software Developer to create a software to run my creative design agency.,/jobseekers/job/Full-Stack-Software-Developer-1268307,Software
Full stack Developer,Mav Arthur,"Nov 22, 2024",Job Title: Full Stack Developer (SaaS Marketplace Platform),/jobseekers/job/Full-stack-Developer-1268145,
Software Developer,Quinn Kampf,"Nov 22, 2024",Job Description: SaaS Software Developer (Construction & Maintenance Service Industries),/jobseekers/job/Software-Developer-1268102,"Software,Fullstack,Software Development Project Manager"
Ai Developer,Keisha,"Nov 21, 2024","We’re seeking an AI Influencer Clone Developer to design and implement a digital twin of our founder. This includes replicating voice, facial expressions, and conversational style using advanced AI tools. You’ll work with us to build an AI persona capable…",/jobseekers/job/Ai-Developer-1263750,AI Tools
3D Web Designer and Developer (All-In-One),T,"Nov 21, 2024","Hello,",/jobseekers/job/3D-Web-Designer-and-Developer-All-In-One-1268041,"3D Design,Web Design & Page Layout,Netlify CMS"
Mobile Developer - Work from Home,Real Time Marketing,"Nov 21, 2024",Job Description:,/jobseekers/job/Mobile-Developer-Work-from-Home-1258874,Mobile Development
(Shopify) Website Developer,Collin Hutten,"Nov 21, 2024",Job Description – Shopify Website Developer,/jobseekers/job/Shopify-Website-Developer-1267896,"Shopify,Website Builder,Shopify"
Virtual Reality Developer (Unity3D/Unreal5),Edwin Perez,"Nov 21, 2024","This position is for one project for now, but we are hoping to generate additional business through showcasing this project. We would be very interested in growing this to a full time permanent position.",/jobseekers/job/Virtual-Reality-Developer-Unity3DUnreal5-1206781,"3D unity ,Unreal Engine"
Full Stack Developer,Barak,"Nov 21, 2024","We are looking for a Full-Stack Developer to build an MVP from scratch independently. This role requires expertise in development and delivering high-quality, functional, and aesthetic solutions under tight deadlines.",/jobseekers/job/Full-Stack-Developer-1267861,"React JS,Express JS,MongoDB"
iOS Developer for Jail Break Tweaks/////,Mark Linker,"Nov 21, 2024",Hiring an iOS developer that is able to create tweaks for jailbreak use. These tweaks will be used for creating dating app accounts like tinder and bumble on a large scale.,/jobseekers/job/iOS-Developer-for-Jail-Break-Tweaks-1267605,iOS Development
.Net Developer,Kinetic,"Nov 21, 2024",Start Date: As soon as possible,/jobseekers/job/Net-Developer-1267557,.Net
Junior Developer,Ryan Moriarty,"Nov 21, 2024","We are looking for a Junior Developer (or Lead Developer) who can work during EASTERN Time Zone (9pm - 6am Philippine time) and does not mind working overtime and on the weekends, when necessary.",/jobseekers/job/Junior-Developer-1267511,"Web Programming,Website Builder,Software Development Project Manager"
Software Developer,Calvin Blood,"Nov 21, 2024",About the Role:,/jobseekers/job/Software-Developer-1267463,
Highly Experience Full Stack Web Developer,Jing,"Nov 21, 2024","We are a growing digital agency dedicated to high-performing websites, SEO, and digital marketing. We’re looking for a skilled Web Developer to join our team, combining technical web development to help our clients succeed.",/jobseekers/job/Highly-Experience-Full-Stack-Web-Developer-1257818,"Web Design & Page Layout,Web Programming"
Junior Developer (Website & SaaS Development),Tony Herrera,"Nov 21, 2024",About Us:,/jobseekers/job/Junior-Developer-Website-SaaS-Development-1266579,"SaaS,Javascript,MySQL"
Mobile App Developer,Dane Moller,"Nov 21, 2024",Key Responsibilities:,/jobseekers/job/Mobile-App-Developer-1266590,
Creative WordPress Web Developer | Join a Team That Values You!,Kai Kelly,"Nov 21, 2024",Creative WordPress Web Developer | Join a Team That Values You!,/jobseekers/job/Creative-WordPress-Web-Developer-Join-a-Team-That-Values-You-1266595,"Web Design & Page Layout,Wordpress,Website Copywriting"
Web Developer (1842),Anita Nevins,"Nov 21, 2024","We have a need for website, developer and database work.",/jobseekers/job/Web-Developer-1842-855932,
GO Lang Developer,Saulius,"Nov 21, 2024",PLEASE APPLY ONLY GO LANG EXPERTS.,/jobseekers/job/GO-Lang-Developer-1266352,GoLang
Full Stack Developer (with ML focus),Karl Mootse,"Nov 21, 2024",Looking for a Python developer.,/jobseekers/job/Full-Stack-Developer-with-ML-focus-1266378,"Python,Fullstack,Machine Learning"
Software Developer,Beds and Cribs,"Nov 21, 2024",Software Developer,/jobseekers/job/Software-Developer-1266183,"Web Programming,Node JS,MySQL"
Web Developer - Word Press,Chantel Ray,"Nov 21, 2024",Position: Web Developer - Word Press,/jobseekers/job/Web-Developer-Word-Press-1266204,"Wordpress,Funnel Design"
SEO Specialist and Website Developer,David Stein,"Nov 21, 2024","We are seeking a talented and dedicated SEO Specialist and Website Developer to join our team and enhance the online presence of our,  trusted plumbing company. This role requires a skilled professional with expertise in search engine optimization, web development,…",/jobseekers/job/SEO-Specialist-and-Website-Developer-1266245,"Local SEO,On-Page,Website Builder"
